T.azzdine   =>   T.azzdine@
T.mohamed   =>   T.mohamed@2023
T.marouane  =>   T.marouane@123
M.youness   =>   M.youness@+789
B.hamza     =>   B@hamza
A.M.abdelaziz  =>  abdelaziz@AM
F.issam     =>   F@issam123